CREATE DATABASE PROJECTS;
USE PROJECTS;
#----------------------------------------------------------------------------------------------------
#creating table members with membership details:
CREATE TABLE MEMBERS(
M_ID VARCHAR(50) PRIMARY KEY,
M_NAME VARCHAR(25) NOT NULL,
S_DATE DATE NOT NULL,	
E_DATE DATE,	
ADDRESS VARCHAR(75),
EMAIL VARCHAR(50),
P_NO VARCHAR(15) NOT NULL
);
#----------------------------------------------------------------------------------------------------
# creating backup table using trigger function to record the date an time when a new record is added in the borrowed table:
CREATE TABLE BORROW_BACKUP(
SLNO INT PRIMARY KEY AUTO_INCREMENT,
RECORDS DATETIME);
#----------------------------------------------------------------------------------------------------
#creating table books with book details:
CREATE TABLE BOOKS(
B_ID INT PRIMARY KEY,
TITLE VARCHAR(30),	
A_ID VARCHAR(20),	
GENRE VARCHAR(15),	
PUBLISHER VARCHAR(50),	
P_DATE DATE,	
PRICE FLOAT,	
B_STATUS VARCHAR(15) NOT NULL
);
#----------------------------------------------------------------------------------------------------
#creating table borrowed with usage details:
CREATE TABLE BORROWED(
T_ID INT,
B_ID INT,
M_ID VARCHAR(50),	
BORROW_DATE DATE,
DUE_DATE DATE,	
RETURN_DATE DATE,
FOREIGN KEY (M_ID) REFERENCES MEMBERS(M_ID)
);
#----------------------------------------------------------------------------------------------------
#P_NO is has more than 15 characters, updating P_NO column in members:
ALTER TABLE MEMBERS MODIFY P_NO VARCHAR(50);
#----------------------------------------------------------------------------------------------------
#inserting values to members table
INSERT INTO MEMBERS VALUES
('7f1f2368-7c04-4d69-af49-fa5d2dbf6d9b','Elizabeth Odonnell','2024-11-02','2029-06-27','888 Rebecca Tunnel Suite 669, Robertschester, AS 12324','kennethjohnson@example.org','422-736-5971'),
('dc999a2d-50c2-48f5-a5d9-89a993879a84','Jennifer Powell','2024-03-09','2026-12-01','5633 Bonnie Gateway, New Justin, MT 96942','ricky35@example.org','677-581-1857x63574'),
('9a7e685a-8968-47b1-8c3d-7d0b8b7cbbef','Erin Duke','2020-11-29','2025-01-22','16832 Miller Stream, Port Erica, AZ 98463','michaelsanchez@example.net','001-884-866-2014'),
('33af0cbe-b36d-405d-bb08-145bfc87ff07','Michael Scott','2023-06-23','2027-07-15','609 Brady Ways, Scottland, WV 89934','brandon11@example.org','4244270205'),
('ee6be261-ba4d-4d82-937e-4b96a42bd2fc','Christopher Johnson','2023-07-09','2029-05-21','535 Diane Parkway,West Kristenmouth, MP 92741','chadford@example.com','7052922750'),
('9e862c5d-60ba-40f7-b8f5-cc771c5b1340','Derek Jackson','2021-10-26','2024-12-13','8357 Johnson Keys,Port Lauraton, AZ 10517','brian60@example.org','+1-741-966-4081x865'),
('95b1e0a6-bc85-4c24-b9bb-11320fca0592','Linda Hoffman','2024-03-26','2026-07-16','742 Richard Port,Turnerville, OH 63437','tschmidt@example.org','001-558-253-2537x62462'),
('82cece2b-a265-4ab2-ab57-f97d0649b5c6','Kathleen Hughes','2022-06-13','2026-09-20','00198 Delgado Corner Suite 808,Lisaton, PA 64201','kathleengraham@example.net','001-821-354-6761'),
('e3b68c8b-262e-424b-9aab-ce8a89e8f138','Taylor Richardson','2024-05-24','2027-04-14','765 Jennifer Trail,Lake Abigailchester, VA 44820','carteramanda@example.org','901-997-5229x48721'),
('223260d8-4c7e-4e8d-a3d4-27b04d4c6efa','Ashley Trevino','2022-08-02','2028-08-19','016 Daniel Shoals Suite 795,Allisonfurt, NM 68335','anicholson@example.net','(689)450-6335'),
('2dea58b4-3d48-4cd1-bc4e-78fac097298d','Sarah Hardy','2021-12-03','2027-09-20','000 Ross Union Apt. 642,East Melissatown, ME 87597','idoyle@example.com','+1-631-255-8421x733'),
('2d57a243-f01a-4890-b835-abd96f7314b1','Jennifer Jackson','2023-12-29','2028-05-16','846 Matthew River,New Derrick, VI 04283','jeansampson@example.org','3339640360'),
('5d798be6-b6e2-4baa-b47d-abb7ecea9971','Melissa Berry','2023-02-14','2029-04-01','17440 Aaron Key Suite 530,Port Christinebury, WY 01138','justin74@example.org','(416)531-4470'),
('665bafab-538a-48e9-a241-c87d5e07b728','Christine Butler','2022-09-05','2028-11-16','38238 Garcia Track,East Russell, IA 81669','michael45@example.com','+1-950-721-6629x810'),
('a4597c2f-8770-4220-b63e-bb96c143b5dc','Thomas King','2022-08-02','2025-01-01','987 Moss Trail Suite 006,Lake Christy, MS 08844','ericadavis@example.org','663-719-2813x2730'),
('3999422b-b430-4f3d-9975-e8d0917d8513','Joyce Jacobson','2021-06-12','2029-10-23','966 Nancy Points Apt. 129,Christianview, NV 78946','westcarol@example.org','001-775-815-6794x6692'),
('5a4f4ad0-d09b-4014-a068-b1bfd8e2970d','Eric Fisher','2021-10-18','2028-03-15','6349 Bell Place,East Patrick, SC 24250','tsmith@example.net','253.444.1167'),
('6abe7742-30b2-4ee2-9d17-991a347ffcb8','Diane Riley','2024-10-10','2029-01-24','2014 Duncan Circles,East Amanda, AZ 74390','ucooke@example.com','800.966.1296'),
('dddd43a1-e49c-4432-a3be-9179077fe4a8','Bryan Huber','2023-01-13','2028-02-20','99644 Martin Oval Suite 393,Bennettton, WA 41719','jeffrey96@example.net','(203)784-0125x727'),
('65c3b62d-d24f-4dd8-8b46-f20e6fafc260','Hannah Atkins','2020-04-26','2028-09-20','05004 Booker Ferry,Pinedaside, VA 53623','michael25@example.com','+1-353-787-5558x823'),
('0e7c7b92-76c8-4b24-b1c9-5c8c77846936','Andrea Bryant','2022-10-31','2027-04-12','34967 Anthony Garden,West Randy, ID 52253','brendataylor@example.com','-10019'),
('ee1f4fc9-5e79-4a92-80c8-c8c5f8d54ecc','Katie Ochoa','2021-07-08','2025-04-11','1354 Kelly Lakes Suite 504,North Sarah, MO 83428','danielbrown@example.net','(501)393-9184x3882'),
('89deabd0-f1a7-4a87-9935-e3a5b00b3879','Keith Harris','2022-01-29','2027-08-22','PSC 6264, Box 6451,APO AA 35037','natasha38@example.org','7994544098'),
('6d97c3c4-63b9-4481-ad25-0c1134e11452','Phillip King','2020-01-17','2029-01-11','20154 Jesse Junctions Apt. 022,Port Seanside, RI 46267','evanssarah@example.net','545-738-9965x61922'),
('7a0e2728-d0da-45ae-8938-c6aaded53e66','Garrett Larsen','2022-01-14','2029-06-07','45879 Boyd Crossing Apt. 300,South Christine, OR 99767','davidjenkins@example.com','601.861.6603'),
('0f2c17ea-eef6-4ef9-8c26-3ea4dba6da04','Amanda Johnson','2021-01-30','2027-02-13','293 May Springs,Cherylberg, VT 77257','john37@example.com','627-468-5358'),
('5389b242-4a98-4880-9362-02b0dcb4e4f5','Nicholas Martinez','2024-06-16','2027-05-28','7639 Lori Forest Suite 600,East Lauren, TX 01606','deborah98@example.org','(324)487-3043'),
('09cb1f6f-fbbf-4db1-95c9-c2040a58ff18','William Baxter','2020-05-04','2025-07-26','3451 Price Underpass Apt. 750,Port Kristopherview, PR 77752','whenry@example.org','+1-216-585-6533x21715'),
('ebd7bc27-fa3b-4a1c-98c7-fc4f8cb96c44','Jamie Fernandez','2020-10-25','2025-11-16','USNS Adkins,FPO AE 71146','john40@example.com','537.464.4211x179'),
('fbdda715-e1e2-4f33-97bc-58540e9008ba','Derrick Robertson','2020-08-22','2028-01-25','PSC 3323, Box 4468,APO AE 58562','pburgess@example.com','(316)647-7509'),
('b9fd3c81-14e4-47dd-9a0f-f58f557f7ca6','Robert Long','2021-03-13','2027-12-05','58764 Donna Trafficway Apt. 800,Sierrafort, NM 04648','matthew98@example.com','001-713-525-2972x91465'),
('d77c90d0-5a3d-4bf0-85bd-f3479e5d181b','Anthony Jones','2020-05-05','2028-07-02','13386 Paula Drive,Nicoleside, GU 83141','kimberlymcdonald@example.com','7942023891'),
('52a3794e-2c51-4473-85cb-454f5a6ae644','Mary Gonzalez','2021-08-11','2025-01-01','4545 Morris Run,Port Kathleen, GA 03297','brandon32@example.net','882-424-2415x05679'),
('91df5819-290e-4371-ba47-df98438f0b4b','Paul Parker','2023-04-08','2025-01-17','59322 Amy Expressway,Staceyshire, AL 57763','ncontreras@example.org','721.246.5148x08300'),
('d2669aa8-f020-46de-9917-88d35118c1b5','Clayton Price','2024-01-01','2024-12-27','408 White Bridge Suite 357,Maryview, WI 89339','garywilliams@example.org','304.389.7285'),
('a94c2db4-ba35-49ad-b714-bd034d69bead','Joshua Cook','2022-02-18','2025-05-12','73650 Jessica Place Suite 363,Port Chloe, HI 11956','lauraperkins@example.com','(533)512-1677'),
('00b0a8ba-c3e7-42a6-bdcc-742378d930c0','Monica Russell','2023-09-09','2026-07-15','520 Ricky Court Apt. 648,Matthewstad, MS 51394','haasjason@example.org','314.482.6734x884'),
('47621a33-d4aa-4ae0-ac27-f927ea68c038','Nicole Simpson','2020-07-30','2026-01-04','1791 Kevin Pike Suite 172,North Samanthamouth, SC 50408','edwardpowell@example.com','001-313-528-2963'),
('be1e5d3d-1005-4bcb-bf70-56794a677b5f','Jesse Wallace','2023-09-05','2028-08-25','PSC 1199, Box 5777,APO AA 94271','spierce@example.org','(834)551-3805x28009'),
('9ad397d8-0042-4d45-896a-c1e7c4aa9673','David Ball','2020-01-06','2025-06-29','372 Hogan Neck Apt. 793,West Brettstad, ID 73433','clarkmaureen@example.net','989.758.7591x06125'),
('0d6ae30f-4604-49d5-bad3-d64a4f0feb94','Jenna Bell','2023-03-05','2027-05-10','7053 Donald Plaza Apt. 562,North Taylor, NC 76372','cmassey@example.org','001-384-386-6035'),
('1f9da6f7-f25f-45ab-8ebf-8578f3d600cd','Shirley Bullock','2024-09-25','2028-11-15','1871 Michael Road,North Markview, WY 90121','julie84@example.net','338.402.7368x7183'),
('8605fd04-6bff-4c0c-a78a-ccc4776eae8f','Paul Irwin','2020-03-30','2027-03-06','4574 Crawford Drive,Jessicafurt, MD 15904','pittmanbrandon@example.org','-9144'),
('e0240e18-fb38-4957-a919-eb6be527821c','Taylor Henderson','2023-08-13','2027-03-25','18052 Parker Course Apt. 134,Port Douglas, SC 55065','millsmeredith@example.com','595-615-0925'),
('570095ed-58c1-417e-af56-12c410b6723e','Brittany Haas','2020-03-14','2025-03-03','19336 Cooke Cove,New James, IA 46278','millertammy@example.net','211.497.1500x1288'),
('64ba0a4e-f105-40b8-8449-3a517d82fa78','Tanya Taylor','2024-07-27','2028-04-10','035 Thornton Spur,New Kevin, AL 86757','fhunter@example.net','-3724'),
('2c2e9eb5-d9e4-4fdc-a1e4-b9ffcc11256d','Edwin Gallegos','2021-08-03','2028-03-15','92907 Hayes Fields Suite 620,New Vickichester, RI 27321','julie98@example.net','277-951-6676x08556'),
('1701ea3d-5a25-4b29-9532-14d7d0e66f13','Jeffrey Nash','2022-11-09','2025-05-19','10252 Hendricks Lock,Lake Jeremiahchester, DC 06913','laura76@example.com','001-216-756-9115x1337'),
('09b8c107-08f0-4afa-a61d-cd1a9ea12f11','David Mckee','2020-10-05','2029-05-12','398 Ashley Square Apt. 735,Tammyborough, GU 25327','michelle53@example.org','001-912-903-3299x50292'),
('e2fcd6d0-695f-4f7d-9d60-8fb9b5bb2fd1','Shannon Singh','2022-05-18','2026-06-22','5224 Philip Prairie,Adamsshire, OR 10804','uwalsh@example.org','331-249-5310'),
('57756149-1c13-4ccc-8e2e-b38a9b2f1445','Hector Chavez','2021-04-27','2028-09-12','871 Francisco Gateway Suite 925,South Matthewtown, RI 99827','michael52@example.com','-9053'),
('82defd4c-ccdc-4ea3-b35f-f71e87b4eb7d','Tammy Fleming','2022-01-11','2024-11-30','782 Emily Vista,Georgefurt, VT 91241','cprice@example.org','(572)332-5565x873'),
('fba4f925-44f3-4e04-9bec-f2991aa4e961','Christine Schwartz','2022-08-24','2029-06-16','Unit 9201 Box 6229,DPO AE 56214','ojohnson@example.org','921-875-0417x431'),
('334db36d-58ca-436d-8e9f-b3a4894a1905','Taylor Boone','2021-07-07','2027-06-22','3223 Adam Circles Suite 769,Michaelborough, VI 06799','jessica98@example.net','(629)256-1101x465'),
('25aa667a-ef45-42bf-8064-ee86f2dd062b','Ashley Roberts','2020-12-19','2027-11-11','4041 Brianna Village,Christophershire, ME 14276','portersabrina@example.org','(925)797-8766'),
('cfd85b0c-7ff8-42d2-8333-1a6961c14ccf','Megan Thompson','2019-11-26','2028-05-24','Unit 6053 Box 6311,DPO AE 13635','ofisher@example.net','(816)233-6266x7818'),
('598ddad5-183e-4540-ba11-7b914ff1e26a','Shirley Taylor','2022-01-19','2026-01-29','571 Alexandra Lakes,Port Cindyborough, KS 59975','mhodges@example.com','737-856-4372'),
('9b720a56-d0c1-40dc-95e7-7881d09d28ef','Maria White','2023-10-09','2028-01-20','98197 Mcgrath Inlet Apt. 090,Port Courtneystad, KY 26993','wongshane@example.com','001-495-908-6348x75474'),
('1e2dafb8-38d0-448c-99ef-c02746eaea3d','Arthur Hurley','2022-11-12','2026-02-14','439 Brown Spring,Reynoldsfort, UT 12627','hickscatherine@example.org','(904)245-2559'),
('cbdf4d33-adac-4332-b2a8-fd6e0cc9cf68','William Morris','2023-02-21','2027-10-17','USNV Hall,FPO AP 54846','brittany03@example.net','001-563-992-6034'),
('730dd56e-b1a5-43ea-8a99-a68c703c4dfc','Katelyn Mitchell','2020-07-30','2027-09-06','PSC 0377, Box 9547,APO AE 31207','sarah83@example.net','(746)398-2036'),
('07df7ddc-bb9e-47fb-b0dd-d554bd65b8c6','Whitney Rodriguez','2022-05-31','2027-05-11','73374 Jeffery Islands Suite 070,New Derekfurt, GU 93531','nicholas48@example.net','001-454-310-8289'),
('cfd93f5e-6f7c-4a7c-beae-408726adaa3a','Amber Butler','2020-01-27','2027-02-09','82392 Kimberly Brook Apt. 958,Mayerbury, MD 15660','kaylanunez@example.com','001-577-637-6540x27438'),
('6878e9ab-8c2c-495c-8e90-a8cf60808315','Shelby Garza','2022-01-26','2026-03-05','36180 Murray Rest,New Natalieberg, NE 81483','qsmith@example.net','703-609-4681x3292'),
('99f4cf3d-6d23-46f6-b7cc-b8ba4cedd2c3','Tyrone Smith','2019-12-19','2028-09-06','226 Misty Extensions Suite 848,North Anthonyville, KS 43434','bcooper@example.com','(408)594-5882x74260'),
('81ee7c7f-888a-4fb3-9c24-11a6e6ffe05f','Jeremy Gross','2022-11-06','2028-05-16','8545 Jacob Canyon Apt. 489,Lisaburgh, VT 24619','tiffanyclay@example.com','001-915-589-6251'),
('334ccf88-cba5-4fef-8b8b-d38ab815e2c9','Sophia Salazar','2023-03-05','2025-09-06','8695 Zuniga Drives Apt. 681,Port Christopher, AL 71872','heather32@example.net','4542739553'),
('0efe941a-48f6-4847-9817-ff9b7359fd69','Natalie Jennings','2022-06-11','2026-05-12','329 Coleman Manors,Tammytown, ND 58440','ladams@example.com','+1-505-403-8833x2143'),
('bb8d8e77-2606-4f8a-8617-0ee487ad58f8','Kathleen Bryant','2021-03-14','2027-01-08','379 Russell Point Suite 748,Pierceshire, VI 64931','freynolds@example.org','547-461-2002'),
('aab0ad82-cadb-492e-a3c6-c3853cc81ddb','Autumn Richards','2021-08-14','2026-04-24','Unit 2331 Box 8747,DPO AA 31491','maryhart@example.com','681-714-4602x87741'),
('0b469f12-bfd4-4d3f-9673-5f9084ef3467','Joseph Ward','2024-08-27','2027-07-06','637 Amanda Garden Apt. 823,New Jeffrey, NJ 21823','pamelarusso@example.org','5189031249'),
('2a2c7315-634e-4915-8157-df010d603c11','Mary Larsen','2023-12-14','2027-09-21','203 Carl Light,South Mark, NC 76500','hchen@example.com','254-885-6824'),
('15fcd781-a263-4905-89b8-0ade9dca00aa','Jeremy Merritt','2022-07-13','2025-02-18','1202 Watkins Ramp,Amberfurt, WI 04644','csantana@example.com','+1-384-326-3216x664'),
('079571b9-123b-4e37-b072-990bc3327fd0','Lauren Hood','2024-02-17','2025-09-04','3412 Sandra Lights,Jacobport, WV 35783','lisasandoval@example.com','705-883-8722x108'),
('014460bc-a855-4935-a49a-a72e332ce458','Joseph Mcmahon','2021-03-16','2025-04-30','425 Moore Trail Apt. 886,Dawnville, MN 62420','tcampbell@example.com','408-749-2795'),
('a6ee7de8-6849-49a2-a304-8674f6261988','John Beard','2023-12-29','2025-06-19','4827 Nathan Plaza Suite 099,North Katherineberg, CT 47657','lcruz@example.org','6436267290'),
('a3a4a2ec-0f78-4ead-81a8-6e381a37c542','Brittney Jenkins','2022-10-22','2024-11-28','3621 Paula Crossing,Lake Adam, WA 13879','clifford32@example.net','350.354.4256'),
('dbc0622c-1133-48bc-84e8-9a83e8f6e545','Kevin Doyle','2023-06-14','2025-03-25','7260 Eric Views Suite 802,New Charles, KY 58458','christopherbuck@example.net','001-233-769-8909x5634'),
('e8582cbe-f401-41c2-aa43-75b7fd66b11d','Katherine Avila','2022-03-02','2026-02-08','96463 Brown Wall Apt. 276,Vickieberg, NH 90479','wbowers@example.net','605-801-3090x596'),
('fa2ea090-5a98-4d0c-8a1b-ecc1a1230985','Joseph Cain','2021-11-12','2029-09-18','5286 Nathan Loaf Apt. 242,Johnton, WI 11521','ryan28@example.org','001-900-901-9142x16955'),
('080bb195-95bd-4c1a-83e4-e04f90ee750f','Shawn Thompson','2023-12-17','2027-01-03','417 Gross Creek,South Christine, PW 38391','hthompson@example.org','+1-970-382-9388x405'),
('1df5ea9f-df2c-44cf-a676-7fe1bbd3dd09','Mark Smith','2020-05-27','2025-11-26','57051 Joshua Route Apt. 599,Lake Rebecca, ND 44433','robert84@example.com','(279)552-6468x399'),
('6f825cee-7ea9-4f5d-bc81-9d4e0821493a','Annette Cooper','2022-08-24','2025-12-17','Unit 6599 Box 1697,DPO AE 37495','steve12@example.org','(765)848-0530'),
('bc8b31a9-3982-4613-939d-97257fbde97a','Marcus Shelton','2023-10-12','2026-07-12','76054 Jason Rest Apt. 439,Hamiltonton, VI 83343','melissa05@example.org','001-367-769-0854x19278'),
('3d8f7a6c-7d19-479f-8ae0-ec808d6a499f','Brianna Vargas','2021-12-27','2024-12-03','USS Hamilton,FPO AA 25150','macdonaldashley@example.net','381.493.4482x141'),
('f0bd9e97-2e2c-44f4-9cfc-617e78542b52','Tracy Harvey','2022-02-18','2026-04-19','74145 Cheryl Grove,Petersonview, HI 61654','ohernandez@example.net','001-956-618-8521x523'),
('ab3e16d8-8872-4b47-bd22-f115f5541cc0','Haley Solis','2023-11-10','2026-11-28','624 Walls Brooks,Trevorchester, WA 74540','roger21@example.com','+1-909-350-5803x07850'),
('95aa696d-a204-4210-891d-00fa629a5b8d','Mary Smith','2023-07-04','2029-07-08','PSC 2600, Box 2411,APO AP 29548','omeyer@example.net','001-459-203-1224'),
('9542e8b8-ac85-4e55-97fa-4484941730ad','Travis Murphy','2023-10-21','2027-08-27','377 Kimberly Squares Suite 749,North Morgan, MP 60223','chill@example.org','598-425-1607x60303'),
('64ad7747-3618-4c58-842f-686b34cf3172','Christopher Myers','2024-07-27','2024-11-23','02055 Burgess Ramp Suite 572,North James, KS 94898','walshmatthew@example.com','-5757'),
('0c995123-0058-4900-98a7-5027a9b9576c','Martin Powell','2021-09-20','2027-08-21','6033 Ruiz Stream Apt. 230,North Ashleyburgh, NY 66110','jenniferwalker@example.net','+1-357-310-7920x0539'),
('3f237e38-b4ef-47d9-b8e2-21dae52d76cd','Rachel Castillo','2019-12-16','2028-04-11','1214 Montoya Park,Diazshire, CT 42250','hamiltondebbie@example.net','001-776-900-3939x551'),
('3ef93d15-6350-4899-baae-39f9e7d39f7a','Nicole Smith','2021-08-09','2027-05-26','0530 Simpson Divide,Angelaville, KY 24569','sherri72@example.org','+1-336-828-7783x24044'),
('38eee76e-64b5-435e-8904-a64d156ea090','Jerry Rivera','2021-07-04','2025-12-02','932 Shelia Rest Apt. 128,East Jamiemouth, AK 24291','tyler39@example.org','373-734-3457'),
('0540734e-1fa3-457c-9b3b-29c1f8f68b30','Austin Brown','2021-02-04','2028-12-01','989 Matthew Pine Suite 390,Port Bonnie, NC 87272','hdavis@example.com','954.947.2616x38961'),
('3cb45395-d2f3-4a52-8b45-bd55a1e3dfff','Vincent Fry','2020-12-09','2025-07-20','PSC 8034, Box 7534,APO AA 09157','mullinsamanda@example.org','788.265.1718x676'),
('d6b88d54-0e05-4eeb-bfaa-995eb93bd18c','Robin Moore','2020-02-24','2026-03-03','46796 Cole Knoll,Angelastad, DE 53270','danielle71@example.net','878.417.4794x94458'),
('6287aba6-4bf4-4199-855a-1f31dd299b35','Stephanie Newton','2022-12-28','2026-05-28','PSC 6728, Box 0291,APO AP 39159','wyork@example.net','(828)415-0137'),
('337ce9ac-edf8-4720-b2c0-54a4ac3f63b2','Carrie Simmons','2022-08-21','2027-06-08','875 Elliott Curve Apt. 980,East Kathyfurt, FL 98106','colliervictor@example.org','6776610385'),
('1bb49246-72e6-4fc6-bf28-5a15a5d3c21a','Matthew Anderson','2020-04-03','2026-04-04','0169 Lynn Glen,Garyberg, NE 27769','wrightkenneth@example.com','+1-445-413-0427x5189')
;
#----------------------------------------------------------------------------------------------------
#inserting values to books table:
INSERT INTO BOOKS VALUES
(1, 'Off occur environment.',33,'Romance' ,'Hill Inc' ,'2015-10-26' ,14.67,'Available'),
(2, 'Many camera chance.',36,'Non-fiction' ,'Gomez Inc' ,'2016-11-25' ,22.74,'Available'),
(3, 'Activity.',18,'Science Fiction' ,'Jordan, Turner and Franklin' ,'2024-03-10' ,26.19,'Borrowed'),
(4, 'Security page.',10,'Children' ,'Obrien, Bean and Fuller' ,'2016-02-23' ,17.1,'Borrowed'),
(5, 'Set beat power.',19,'Biography' ,'Watkins LLC' ,'2015-09-10' ,27.94,'Borrowed'),
(6, 'Quickly.',10,'Children' ,'Lin, Carter and Clark' ,'2021-01-09' ,10.6,'Available'),
(7, 'Attack lot time tough.',47,'Science Fiction' ,'Pitts PLC' ,'2022-05-27' ,24.77,'Borrowed'),
(8, 'Perform.',30,'Romance' ,'Taylor-Jackson' ,'2021-04-25' ,16,'Borrowed'),
(9, 'People lead different.',30,'Fantasy' ,'Johnson-Simon' ,'2017-08-19' ,8.51,'Available'),
(10, 'Against table company explain.',7,'Biography' ,'Mcintosh and Sons' ,'2017-07-29' ,18.1,'Borrowed'),
(11, 'Light value.',43,'Fantasy' ,'Dominguez Inc' ,'2022-11-18' ,24.98,'Available'),
(12, 'Message relationship.',34,'Children' ,'Kaiser LLC' ,'2021-07-18' ,18.78,'Available'),
(13, 'Record capital.',36,'Mystery' ,'Berger, Blackburn and Smith' ,'2015-11-07' ,17.44,'Borrowed'),
(14, 'Fact theory article.',4,'Fantasy' ,'Whitehead-Chen' ,'2020-09-23' ,17.4,'Available'),
(15, 'Mind carry.',30,'Mystery' ,'Tran, Martinez and Knight' ,'2018-06-02' ,24.04,'Available'),
(16, 'Opportunity report themselves.',17,'Fantasy' ,'Robinson-Lee' ,'2017-09-27' ,27.63,'Borrowed'),
(17, 'Possible.',14,'Fiction' ,'Strong-Daniel' ,'2018-11-14' ,16.42,'Available'),
(18, 'Reveal.',32,'Fantasy' ,'Sullivan-Jones' ,'2023-07-21' ,6.72,'Available'),
(19, 'Do once.',10,'Fantasy' ,'Jackson and Sons' ,'2023-02-14' ,19.02,'Borrowed'),
(20, 'Debate room him.',1,'Children' ,'Wright, Hobbs and White' ,'2020-12-16' ,7.79,'Available'),
(21, 'Perform financial.',4,'Mystery' ,'Wilson, Mcintosh and Gonzalez' ,'2015-02-17' ,17.57,'Borrowed'),
(22, 'Building class identify.',40,'Mystery' ,'Porter, Powers and Medina' ,'2015-11-07' ,10.19,'Borrowed'),
(23, 'Mission record.',41,'Romance' ,'Griffin LLC' ,'2024-08-12' ,10.36,'Available'),
(24, 'Fly economy finish need.',42,'Romance' ,'Hopkins Ltd' ,'2019-01-17' ,24.37,'Borrowed'),
(25, 'Oil almost story.',32,'Fantasy' ,'Nelson, Jacobs and Moore' ,'2014-11-26' ,21.91,'Borrowed'),
(26, 'Western item three.',47,'Fiction' ,'Jones and Sons' ,'2023-04-12' ,6.11,'Borrowed'),
(27, 'Available recent.',5,'Fantasy' ,'Kelley Group' ,'2015-11-02' ,19.51,'Available'),
(28, 'Hot research free.',37,'Biography' ,'Olson Inc' ,'2022-03-18' ,19.08,'Available'),
(29, 'Stage center which.',38,'Fiction' ,'Hunt, Wallace and Johnson' ,'2015-09-08' ,21.24,'Borrowed'),
(30, 'War population whom.',25,'Children' ,'Miller, Neal and Smith' ,'2020-03-11' ,15.26,'Borrowed'),
(31, 'Role forward occur event.',23,'Romance' ,'Jones, Anderson and Garcia' ,'2021-02-12' ,28.19,'Available'),
(32, 'Test her action west.',48,'Fantasy' ,'Green, Ward and Benton' ,'2023-06-13' ,16.57,'Available'),
(33, 'Quickly line heart.',47,'Fantasy' ,'Mccoy and Sons' ,'2018-08-23' ,18.34,'Available'),
(34, 'East country.',25,'Romance' ,'Reese-French' ,'2023-08-30' ,29.46,'Available'),
(35, 'Rate trial.',40,'Fantasy' ,'Cervantes LLC' ,'2021-11-13' ,14.33,'Available'),
(36, 'If account course.',8,'Children' ,'Brandt-Harding' ,'2020-10-17' ,14.89,'Available'),
(37, 'Feeling condition.',43,'Biography' ,'Fernandez, Nelson and Davis' ,'2022-10-29' ,14.68,'Available'),
(38, 'Serve long art.',26,'Biography' ,'Huang-Lucas' ,'2019-05-30' ,17.25,'Borrowed'),
(39, 'Continue place everybody.',17,'Fantasy' ,'Walters, Lewis and Lee' ,'2018-04-06' ,25.45,'Borrowed'),
(40, 'Third treat themselves.',44,'Biography' ,'Walker-Schneider' ,'2020-12-28' ,25.08,'Available'),
(41, 'All right.',34,'Romance' ,'Smith, Gutierrez and Michael' ,'2017-05-03' ,23.44,'Available'),
(42, 'Place doctor.',16,'Science Fiction' ,'Phillips Group' ,'2018-03-19' ,12.6,'Available'),
(43, 'Under board choose.',5,'Biography' ,'Roberts Group' ,'2022-06-07' ,6.21,'Borrowed'),
(44, 'Black.',3,'Fiction' ,'Chung Group' ,'2021-08-21' ,14.15,'Borrowed'),
(45, 'Its front which husband.',10,'Biography' ,'Irwin, Sherman and Richards' ,'2014-11-28' ,16.58,'Available'),
(46, 'Bill body nice.',27,'Romance' ,'Vance Group' ,'2022-07-03' ,10.68,'Available'),
(47, 'Oil program health.',25,'Fiction' ,'Mclaughlin, Hunt and Mcintosh' ,'2022-02-12' ,20.66,'Borrowed'),
(48, 'Play understand main rather.',2,'Fantasy' ,'Fuller, Woods and Walker' ,'2015-09-12' ,19.49,'Borrowed'),
(49, 'Public game.',13,'Children' ,'Arnold Ltd' ,'2022-03-17' ,27.72,'Available'),
(50, 'Old ask.',48,'Non-fiction' ,'Johnson LLC' ,'2018-09-22' ,20.38,'Available'),
(51, 'Three significant newspaper.',41,'Children' ,'Morris Ltd' ,'2016-10-08' ,29.06,'Available'),
(52, 'Space especially into.',45,'Romance' ,'Middleton-Kirk' ,'2018-03-05' ,5.84,'Borrowed'),
(53, 'All green theory.',7,'Fiction' ,'Horn Group' ,'2020-06-20' ,21.44,'Available'),
(54, 'Discover surface personal.',40,'Fiction' ,'Lee-Dyer' ,'2019-10-12' ,11.26,'Borrowed'),
(55, 'Professor finally.',45,'Romance' ,'Henson, Collins and Mitchell' ,'2016-05-18' ,28.96,'Available'),
(56, 'Amount pressure.',14,'Non-fiction' ,'Maynard-Jordan' ,'2022-09-05' ,24.19,'Available'),
(57, 'Threat.',37,'Science Fiction' ,'Wall, Benton and Smith' ,'2020-10-21' ,21.5,'Available'),
(58, 'Them whom night.',35,'Mystery' ,'Golden-Calhoun' ,'2017-10-10' ,17.48,'Borrowed'),
(59, 'Woman property thousand.',31,'Fiction' ,'Adkins-Gonzales' ,'2015-09-15' ,28.52,'Available'),
(60, 'Back list information.',32,'Fantasy' ,'Carroll-Smith' ,'2017-03-16' ,7.56,'Borrowed'),
(61, 'Side our.',10,'Fantasy' ,'Wilson, Vega and Bond' ,'2021-08-11' ,29.87,'Borrowed'),
(62, 'Study.',3,'Biography' ,'Watts PLC' ,'2022-10-15' ,15.95,'Available'),
(63, 'Number seat president.',8,'Science Fiction' ,'Stanton, Thompson and Wiley' ,'2019-02-07' ,11.74,'Borrowed'),
(64, 'View magazine ability.',35,'Fiction' ,'Sanchez LLC' ,'2024-01-21' ,20.45,'Borrowed'),
(65, 'Describe usually standard.',47,'Science Fiction' ,'Nelson, Coleman and Osborne' ,'2020-07-11' ,21.66,'Borrowed'),
(66, 'State left.',7,'Mystery' ,'Johnson PLC' ,'2015-11-22' ,12.58,'Available'),
(67, 'Company design up.',24,'Children' ,'Wiley-Terry' ,'2021-07-25' ,24.84,'Available'),
(68, 'Collection less realize.',26,'Science Fiction' ,'Daniels, Jones and Day' ,'2023-03-02' ,6.54,'Available'),
(69, 'Firm medical care.',14,'Non-fiction' ,'Perez Inc' ,'2016-04-23' ,19.01,'Available'),
(70, 'Fall buy never.',50,'Non-fiction' ,'Anderson and Sons' ,'2017-11-08' ,8.7,'Borrowed'),
(71, 'See make student.',27,'Children' ,'Nelson-Patton' ,'2016-09-02' ,22.46,'Available'),
(72, 'Must author.',9,'Mystery' ,'Arnold, Flores and Bowman' ,'2016-10-02' ,9.68,'Available'),
(73, 'Less drive.',16,'Children' ,'Jackson, Carter and Wood' ,'2020-11-21' ,22.18,'Available'),
(74, 'Fall wide.',9,'Children' ,'Stevens, Kirby and Dunn' ,'2016-02-07' ,19.26,'Borrowed'),
(75, 'Suggest first.',15,'Non-fiction' ,'Perez-Dougherty' ,'2016-10-31' ,19.68,'Available'),
(76, 'Participant industry common.',44,'Biography' ,'Carter-Sherman' ,'2016-07-06' ,11.05,'Borrowed'),
(77, 'Mission magazine.',39,'Science Fiction' ,'Barnes, Warner and Melton' ,'2017-06-27' ,27.32,'Borrowed'),
(78, 'Break thought face method.',17,'Science Fiction' ,'Yang-Fowler' ,'2018-05-22' ,12.94,'Borrowed'),
(79, 'Start police state.',41,'Science Fiction' ,'Fleming Ltd' ,'2015-06-01' ,10.79,'Borrowed'),
(80, 'Peace.',49,'Romance' ,'Robinson, Anderson and Roberts' ,'2023-06-05' ,11.02,'Borrowed'),
(81, 'Example unit.',38,'Mystery' ,'Valdez, Jacobs and Tate' ,'2016-09-19' ,26.81,'Available'),
(82, 'Community.',40,'Mystery' ,'Adams PLC' ,'2018-10-05' ,6.12,'Available'),
(83, 'Model avoid.',32,'Mystery' ,'Levy, Davis and Owens' ,'2015-08-20' ,10.84,'Available'),
(84, 'Political explain.',47,'Biography' ,'Gentry-Hart' ,'2024-05-23' ,12.25,'Available'),
(85, 'Billion write stay.',38,'Romance' ,'Sandoval Ltd' ,'2022-08-20' ,20.58,'Available'),
(86, 'Perhaps.',43,'Mystery' ,'Scott, Townsend and Merritt' ,'2019-06-18' ,17.13,'Borrowed'),
(87, 'Adult job rise.',17,'Science Fiction' ,'Joseph PLC' ,'2021-07-24' ,23.03,'Available'),
(88, 'Model.',13,'Children' ,'Smith, Cooke and Vega' ,'2022-05-31' ,24.81,'Available'),
(89, 'Conference thus world quality.',39,'Science Fiction' ,'Moore LLC' ,'2016-01-27' ,16.48,'Borrowed'),
(90, 'Anyone war clear.',27,'Children' ,'Livingston Inc' ,'2019-01-05' ,26.58,'Borrowed'),
(91, 'Ability.',9,'Fiction' ,'Cisneros and Sons' ,'2015-02-01' ,26.94,'Borrowed'),
(92, 'Fall stop.',21,'Non-fiction' ,'Stone, Pena and Lamb' ,'2021-08-28' ,29.71,'Borrowed'),
(93, 'Carry draw.',29,'Fantasy' ,'Clark, Acosta and Stark' ,'2015-12-16' ,21.76,'Borrowed'),
(94, 'Old.',4,'Fantasy' ,'Scott-Johnson' ,'2015-01-15' ,29.65,'Available'),
(95, 'You other.',11,'Biography' ,'Velez PLC' ,'2015-06-19' ,9.28,'Available'),
(96, 'None skin future.',40,'Biography' ,'Wilson-Rich' ,'2021-01-29' ,5.28,'Available'),
(97, 'Me something discover.',35,'Romance' ,'Lewis-Ellis' ,'2014-12-29' ,22.77,'Borrowed'),
(98, 'Public still.',12,'Romance' ,'Gray-Garcia' ,'2021-04-21' ,28.68,'Available'),
(99, 'Assume short.',18,'Mystery' ,'Robinson-Lee' ,'2015-12-12' ,19.65,'Available'),
(100, 'Fill trip environment.',49,'Children' ,'Harris, Scott and Ward' ,'2015-08-13' ,18.58,'Borrowed'),
(101, 'Just pull.',27,'Biography' ,'Horne, Garcia and Wilson' ,'2018-12-23' ,17.99,'Available'),
(102, 'Firm institution.',17,'Children' ,'Cantu, Franklin and Chen' ,'2020-11-17' ,18.16,'Available'),
(103, 'Hour audience.',10,'Mystery' ,'Davis, Bryant and Woods' ,'2023-10-26' ,5.43,'Borrowed'),
(104, 'Window price.',39,'Fiction' ,'Ortiz, Kim and Brown' ,'2016-06-16' ,25.34,'Available'),
(105, 'Him choose.',5,'Non-fiction' ,'Johnson, Gould and Reed' ,'2017-11-14' ,12.9,'Available'),
(106, 'Remember scientist create.',21,'Fantasy' ,'Holland-Jackson' ,'2016-10-18' ,16.93,'Available'),
(107, 'Listen matter list.',44,'Fantasy' ,'Washington, Williams and Mills' ,'2023-12-06' ,17.66,'Borrowed'),
(108, 'Lose drive.',18,'Fantasy' ,'Le-Perez' ,'2022-04-07' ,28.84,'Available'),
(109, 'Again.',48,'Children' ,'Jackson-Powell' ,'2016-12-19' ,19.6,'Available'),
(110, 'Nation surface trade tell.',43,'Science Fiction' ,'Smith-Waters' ,'2020-12-12' ,17.59,'Available'),
(111, 'Office organization statement.',18,'Science Fiction' ,'Gilmore, Taylor and Garcia' ,'2017-10-11' ,20.41,'Borrowed'),
(112, 'Candidate bill office.',3,'Fiction' ,'Ward, Hall and Hampton' ,'2017-08-05' ,21.37,'Available'),
(113, 'Fast look mind.',15,'Mystery' ,'Randolph, Moore and Rubio' ,'2014-12-19' ,16.58,'Available'),
(114, 'Explain society building.',13,'Children' ,'Rivera LLC' ,'2016-10-24' ,12.82,'Borrowed'),
(115, 'Meet state.',2,'Non-fiction' ,'Thomas, Kelley and Delgado' ,'2023-08-24' ,12.37,'Available'),
(116, 'Move.',45,'Romance' ,'Johnson-Harvey' ,'2018-08-21' ,5.69,'Available'),
(117, 'Course design.',47,'Fiction' ,'Kirk-Anderson' ,'2018-06-20' ,19.98,'Available'),
(118, 'Task cost while.',28,'Children' ,'Martin-Hopkins' ,'2021-02-08' ,11.75,'Available'),
(119, 'Back act.',22,'Fiction' ,'Bowers, Arnold and Rodriguez' ,'2023-03-22' ,22.91,'Borrowed'),
(120, 'Miss resource far.',31,'Non-fiction' ,'Davis-Fisher' ,'2016-11-01' ,9.68,'Borrowed'),
(121, 'List room travel.',47,'Biography' ,'Stevens Inc' ,'2020-04-10' ,19.32,'Borrowed'),
(122, 'Product nearly pattern.',48,'Science Fiction' ,'Johnson-Myers' ,'2015-07-06' ,20.26,'Borrowed'),
(123, 'Most professional.',26,'Fiction' ,'White, Harvey and Davis' ,'2021-06-11' ,10.56,'Borrowed'),
(124, 'Consumer among break.',49,'Biography' ,'Singh Inc' ,'2018-07-20' ,10.39,'Borrowed'),
(125, 'Push point.',45,'Romance' ,'Andersen LLC' ,'2020-10-28' ,24.84,'Borrowed'),
(126, 'Of.',18,'Romance' ,'Harrell-Johns' ,'2019-07-10' ,17.15,'Available'),
(127, 'Community surface against.',33,'Fantasy' ,'Reyes-Barnes' ,'2016-03-16' ,6.85,'Available'),
(128, 'Pm case.',17,'Biography' ,'Fuentes Inc' ,'2016-09-19' ,13.06,'Available'),
(129, 'Lay enter.',36,'Science Fiction' ,'Roberts-Smith' ,'2015-01-08' ,29.53,'Borrowed'),
(130, 'Sea international indeed.',5,'Science Fiction' ,'Todd, Ellison and Mullen' ,'2015-03-17' ,5.75,'Borrowed'),
(131, 'Single over war.',38,'Mystery' ,'Jennings PLC' ,'2016-10-12' ,12.6,'Available'),
(132, 'Article owner.',36,'Science Fiction' ,'Love, Green and Pena' ,'2016-11-08' ,7.15,'Available'),
(133, 'White forward than dark.',12,'Non-fiction' ,'Morrow, Turner and Smith' ,'2015-03-18' ,18.65,'Borrowed'),
(134, 'Economic wish move.',11,'Science Fiction' ,'Boyd Inc' ,'2023-09-05' ,23.46,'Available'),
(135, 'Type actually.',3,'Fiction' ,'Brandt-Hays' ,'2015-04-23' ,29.15,'Borrowed'),
(136, 'First myself despite.',17,'Fantasy' ,'Rowe Ltd' ,'2018-07-08' ,18.36,'Borrowed'),
(137, 'Amount though.',23,'Non-fiction' ,'Carter Ltd' ,'2022-04-08' ,17.68,'Borrowed'),
(138, 'Body Mrs.',17,'Fantasy' ,'Gomez-Torres' ,'2018-04-05' ,28.63,'Available'),
(139, 'Year national.',1,'Fiction' ,'Henry-Phillips' ,'2016-01-07' ,9.95,'Available'),
(140, 'Several nation whatever.',40,'Fiction' ,'Hale-Macdonald' ,'2016-01-01' ,9.99,'Available'),
(141, 'Spend paper ahead.',42,'Children' ,'Watson-Lindsey' ,'2024-11-12' ,23.57,'Available'),
(142, 'Me course.',27,'Fiction' ,'Price Inc' ,'2023-09-11' ,5.46,'Available'),
(143, 'Research employee.',23,'Non-fiction' ,'Gonzales, Johnson and Perez' ,'2024-03-01' ,16.42,'Borrowed'),
(144, 'Page agency kitchen.',10,'Fantasy' ,'Ramsey, Smith and Cortez' ,'2017-02-21' ,11.59,'Borrowed'),
(145, 'Music doctor.',42,'Fantasy' ,'Francis-Brown' ,'2023-07-05' ,7.28,'Available'),
(146, 'According detail almost.',15,'Mystery' ,'Poole and Sons' ,'2019-10-11' ,22.75,'Borrowed'),
(147, 'Education price cover.',23,'Biography' ,'Porter-Perez' ,'2021-06-18' ,28.24,'Available'),
(148, 'Night magazine pay.',4,'Fiction' ,'Garrett-Chambers' ,'2015-11-10' ,8.16,'Borrowed'),
(149, 'Suffer white popular.',10,'Romance' ,'Huffman, Smith and Carr' ,'2015-03-09' ,15.36,'Borrowed'),
(150, 'Southern box chance matter.',11,'Fiction' ,'Lee-Gallegos' ,'2019-04-26' ,26.54,'Borrowed'),
(151, 'Hold red day.',46,'Non-fiction' ,'Guerrero Group' ,'2024-04-06' ,14.92,'Available'),
(152, 'Western continue young.',7,'Romance' ,'Odom-Hawkins' ,'2024-10-26' ,7.83,'Borrowed'),
(153, 'Section also.',22,'Mystery' ,'Tran, Gomez and Figueroa' ,'2017-10-02' ,27.52,'Available'),
(154, 'Enjoy career size.',15,'Fiction' ,'Smith-Hensley' ,'2016-11-24' ,11.29,'Borrowed'),
(155, 'Get successful plant.',17,'Fiction' ,'Carr Group' ,'2018-09-15' ,6.95,'Borrowed'),
(156, 'City think understand.',42,'Fantasy' ,'Lucas, Jones and Cummings' ,'2015-02-02' ,14.28,'Borrowed'),
(157, 'Chance value student.',12,'Romance' ,'Warner-Bush' ,'2022-09-23' ,9.02,'Borrowed'),
(158, 'Identify although.',7,'Fiction' ,'Rodriguez-Richardson' ,'2016-03-08' ,23.66,'Borrowed'),
(159, 'Executive fine.',20,'Romance' ,'Petersen, Kemp and Merritt' ,'2017-04-09' ,24.67,'Borrowed'),
(160, 'Young people many.',49,'Fiction' ,'Sanchez, Chambers and Gregory' ,'2017-02-12' ,28.45,'Borrowed'),
(161, 'Station why message.',12,'Fantasy' ,'Alexander, Price and Gill' ,'2020-02-01' ,11.85,'Available'),
(162, 'Notice anything staff.',48,'Biography' ,'Green Group' ,'2020-01-28' ,18.88,'Borrowed'),
(163, 'Write.',22,'Biography' ,'Moore and Sons' ,'2018-07-16' ,17.3,'Borrowed'),
(164, 'Together ten future.',11,'Romance' ,'Miller LLC' ,'2024-06-14' ,24.98,'Available'),
(165, 'Section.',47,'Mystery' ,'Nolan PLC' ,'2020-09-25' ,7.26,'Borrowed'),
(166, 'Mrs without floor technology.',15,'Biography' ,'Bowen-King' ,'2020-10-06' ,14.61,'Borrowed'),
(167, 'Response.',48,'Romance' ,'Davis-Jenkins' ,'2016-10-06' ,15.58,'Available'),
(168, 'Idea seat Mr take.',46,'Mystery' ,'Martin Ltd' ,'2020-05-21' ,21.22,'Available'),
(169, 'Bring administration.',7,'Non-fiction' ,'Reid, Hunt and Pacheco' ,'2020-03-28' ,16.52,'Borrowed'),
(170, 'Message.',26,'Fiction' ,'Reid and Sons' ,'2023-01-08' ,6.23,'Available'),
(171, 'It practice interesting.',1,'Biography' ,'Diaz-Villanueva' ,'2021-05-27' ,15.62,'Borrowed'),
(172, 'Watch reflect.',9,'Biography' ,'Padilla, Mccarthy and Gilbert' ,'2016-08-19' ,24.15,'Available'),
(173, 'Care ability.',17,'Romance' ,'Kelly-Smith' ,'2015-07-23' ,25.25,'Borrowed'),
(174, 'Space why lawyer sit.',1,'Biography' ,'Boone-Hunter' ,'2017-08-20' ,19.09,'Available'),
(175, 'Six thought.',24,'Non-fiction' ,'Pacheco, Miller and Galvan' ,'2015-11-16' ,21.15,'Borrowed'),
(176, 'Ask interview wear.',3,'Mystery' ,'Wong-Thomas' ,'2015-02-08' ,6.55,'Available'),
(177, 'Understand take fast.',19,'Romance' ,'Lopez, Clark and Hernandez' ,'2015-10-31' ,19.07,'Borrowed'),
(178, 'Perhaps task investment.',13,'Science Fiction' ,'Herman, Davis and Rivas' ,'2019-02-05' ,28.26,'Borrowed'),
(179, 'Mission specific claim.',20,'Non-fiction' ,'Lang, Smith and George' ,'2018-11-08' ,17.66,'Borrowed'),
(180, 'Morning central series.',35,'Fantasy' ,'Barnes Inc' ,'2020-12-02' ,11.96,'Available'),
(181, 'Color contain.',50,'Fiction' ,'Ray, Johnston and Watkins' ,'2021-05-05' ,23.96,'Borrowed'),
(182, 'Whatever role budget.',7,'Non-fiction' ,'Fletcher-James' ,'2022-05-26' ,26.07,'Available'),
(183, 'Skill behind since.',29,'Romance' ,'Coleman, Williams and Williams' ,'2019-07-04' ,21.94,'Borrowed'),
(184, 'Peace message.',27,'Non-fiction' ,'Harper, Jones and David' ,'2024-07-22' ,28.96,'Available'),
(185, 'Along student over.',46,'Mystery' ,'Burke Ltd' ,'2015-08-28' ,20.88,'Borrowed'),
(186, 'Move former necessary value.',36,'Science Fiction' ,'Smith-Ryan' ,'2024-03-03' ,7.89,'Available'),
(187, 'Enough today.',28,'Fantasy' ,'Lyons PLC' ,'2022-05-14' ,9.43,'Available'),
(188, 'Person toward.',23,'Biography' ,'Hernandez and Sons' ,'2017-04-15' ,17.15,'Borrowed'),
(189, 'Involve child.',10,'Science Fiction' ,'Peterson, Acosta and Davies' ,'2022-12-16' ,10.9,'Available'),
(190, 'Matter phone.',46,'Science Fiction' ,'Ramos-Bray' ,'2024-02-03' ,17.58,'Available'),
(191, 'Interview.',17,'Children' ,'Black, Boyd and Castro' ,'2016-09-04' ,20.57,'Borrowed'),
(192, 'Whom actually blue.',44,'Fiction' ,'Martin Ltd' ,'2015-12-28' ,15.31,'Borrowed'),
(193, 'Possible public.',34,'Science Fiction' ,'Ingram Ltd' ,'2018-03-22' ,8.98,'Borrowed'),
(194, 'Share.',11,'Mystery' ,'Garrison LLC' ,'2019-12-06' ,8.86,'Available'),
(195, 'High strong maybe water.',38,'Fiction' ,'Jones-Thompson' ,'2022-09-23' ,29.26,'Available'),
(196, 'Family none.',47,'Fiction' ,'Lucero Inc' ,'2020-06-23' ,18.24,'Borrowed'),
(197, 'Any mention.',36,'Science Fiction' ,'Collins-Dixon' ,'2023-07-09' ,22.89,'Borrowed'),
(198, 'Detail memory.',24,'Fiction' ,'Gentry Ltd' ,'2024-02-14' ,7.16,'Available'),
(199, 'Especially money.',34,'Children' ,'Gross, Mora and Herrera' ,'2016-02-02' ,19.21,'Available'),
(200, 'Occur assume.',33,'Fiction' ,'Moss, Allen and Johnson' ,'2017-04-26' ,23.59,'Borrowed')
;
#----------------------------------------------------------------------------------------------------
#inserting values to borrowed table:(RECORDS WITH RETURN DATE)
INSERT INTO BORROWED VALUES
(3,158,'e3b68c8b-262e-424b-9aab-ce8a89e8f138','2024-10-08','2024-12-12','2024-11-09'),
(5,86,'337ce9ac-edf8-4720-b2c0-54a4ac3f63b2','2023-12-31','2024-01-07','2023-12-31'),
(8,175,'a4597c2f-8770-4220-b63e-bb96c143b5dc','2024-03-06','2024-10-11','2024-03-17'),
(11,200,'6f825cee-7ea9-4f5d-bc81-9d4e0821493a','2023-12-04','2024-05-11','2023-12-18'),
(14,15,'730dd56e-b1a5-43ea-8a99-a68c703c4dfc','2024-04-21','2024-07-07','2024-07-03'),
(16,17,'dc999a2d-50c2-48f5-a5d9-89a993879a84','2024-10-19','2024-12-05','2024-12-04'),
(18,199,'0c995123-0058-4900-98a7-5027a9b9576c','2024-04-04','2024-11-29','2024-06-16'),
(19,48,'65c3b62d-d24f-4dd8-8b46-f20e6fafc260','2024-05-04','2024-05-17','2024-05-04'),
(22,37,'2c2e9eb5-d9e4-4fdc-a1e4-b9ffcc11256d','2024-03-15','2024-05-14','2024-03-27'),
(23,144,'d6b88d54-0e05-4eeb-bfaa-995eb93bd18c','2024-03-30','2024-09-14','2024-07-11'),
(26,136,'6878e9ab-8c2c-495c-8e90-a8cf60808315','2024-04-27','2024-08-15','2024-06-11'),
(29,6,'a4597c2f-8770-4220-b63e-bb96c143b5dc','2023-12-17','2024-02-18','2024-01-07'),
(32,120,'1df5ea9f-df2c-44cf-a676-7fe1bbd3dd09','2024-04-22','2024-08-02','2024-05-18'),
(33,35,'a4597c2f-8770-4220-b63e-bb96c143b5dc','2024-08-05','2024-09-15','2024-08-06'),
(34,30,'be1e5d3d-1005-4bcb-bf70-56794a677b5f','2024-04-11','2024-10-12','2024-09-20'),
(38,161,'33af0cbe-b36d-405d-bb08-145bfc87ff07','2024-06-21','2024-06-28','2024-06-24'),
(39,116,'65c3b62d-d24f-4dd8-8b46-f20e6fafc260','2024-11-10','2024-11-10','2024-11-10'),
(40,114,'6f825cee-7ea9-4f5d-bc81-9d4e0821493a','2024-11-02','2024-11-18','2024-11-06'),
(43,57,'9ad397d8-0042-4d45-896a-c1e7c4aa9673','2023-11-25','2024-03-17','2024-03-10'),
(44,113,'25aa667a-ef45-42bf-8064-ee86f2dd062b','2024-02-02','2024-09-16','2024-02-07'),
(47,51,'0e7c7b92-76c8-4b24-b1c9-5c8c77846936','2024-03-29','2024-06-25','2024-05-11'),
(48,68,'2dea58b4-3d48-4cd1-bc4e-78fac097298d','2024-03-28','2024-08-12','2024-04-16'),
(49,25,'0d6ae30f-4604-49d5-bad3-d64a4f0feb94','2024-06-19','2024-07-10','2024-07-08'),
(50,173,'334ccf88-cba5-4fef-8b8b-d38ab815e2c9','2024-09-27','2024-12-03','2024-10-02'),
(54,98,'0540734e-1fa3-457c-9b3b-29c1f8f68b30','2024-05-28','2024-09-26','2024-07-23'),
(55,71,'00b0a8ba-c3e7-42a6-bdcc-742378d930c0','2024-02-09','2024-06-15','2024-03-06'),
(56,41,'598ddad5-183e-4540-ba11-7b914ff1e26a','2024-10-22','2024-11-07','2024-11-04'),
(61,65,'81ee7c7f-888a-4fb3-9c24-11a6e6ffe05f','2024-08-18','2024-12-04','2024-10-19'),
(62,38,'82cece2b-a265-4ab2-ab57-f97d0649b5c6','2024-08-03','2024-10-03','2024-08-15'),
(63,39,'080bb195-95bd-4c1a-83e4-e04f90ee750f','2024-10-13','2024-10-25','2024-10-17'),
(65,67,'0b469f12-bfd4-4d3f-9673-5f9084ef3467','2023-12-12','2024-12-03','2024-01-04'),
(66,64,'ebd7bc27-fa3b-4a1c-98c7-fc4f8cb96c44','2024-04-27','2024-12-06','2024-09-13'),
(67,198,'9a7e685a-8968-47b1-8c3d-7d0b8b7cbbef','2024-08-30','2024-11-08','2024-09-10'),
(68,109,'1f9da6f7-f25f-45ab-8ebf-8578f3d600cd','2024-01-26','2024-02-21','2024-02-05'),
(70,31,'6abe7742-30b2-4ee2-9d17-991a347ffcb8','2023-12-22','2024-01-12','2024-01-10'),
(71,109,'cfd85b0c-7ff8-42d2-8333-1a6961c14ccf','2024-10-25','2024-11-16','2024-11-10'),
(73,171,'d2669aa8-f020-46de-9917-88d35118c1b5','2024-01-13','2024-10-26','2024-05-26'),
(77,170,'6f825cee-7ea9-4f5d-bc81-9d4e0821493a','2024-04-26','2024-08-23','2024-06-22'),
(78,11,'ebd7bc27-fa3b-4a1c-98c7-fc4f8cb96c44','2024-03-04','2024-09-03','2024-07-29'),
(79,21,'0f2c17ea-eef6-4ef9-8c26-3ea4dba6da04','2024-06-20','2024-09-09','2024-08-16'),
(84,119,'6f825cee-7ea9-4f5d-bc81-9d4e0821493a','2024-06-20','2024-06-27','2024-06-26'),
(87,48,'3ef93d15-6350-4899-baae-39f9e7d39f7a','2024-04-10','2024-08-18','2024-05-03'),
(88,115,'2c2e9eb5-d9e4-4fdc-a1e4-b9ffcc11256d','2024-07-24','2024-11-22','2024-09-19'),
(89,166,'ee1f4fc9-5e79-4a92-80c8-c8c5f8d54ecc','2023-11-20','2024-10-12','2024-03-07'),
(90,43,'8605fd04-6bff-4c0c-a78a-ccc4776eae8f','2023-12-06','2024-02-11','2024-01-31'),
(92,154,'cfd85b0c-7ff8-42d2-8333-1a6961c14ccf','2024-04-26','2024-07-06','2024-05-16'),
(96,11,'b9fd3c81-14e4-47dd-9a0f-f58f557f7ca6','2023-11-16','2024-12-06','2024-10-14'),
(98,131,'5389b242-4a98-4880-9362-02b0dcb4e4f5','2024-05-01','2024-12-07','2024-10-04'),
(100,188,'6d97c3c4-63b9-4481-ad25-0c1134e11452','2024-07-30','2024-08-07','2024-08-01'),
(101,53,'d77c90d0-5a3d-4bf0-85bd-f3479e5d181b','2024-03-10','2024-09-03','2024-03-31'),
(103,73,'09b8c107-08f0-4afa-a61d-cd1a9ea12f11','2024-01-29','2024-04-10','2024-02-27'),
(105,103,'a6ee7de8-6849-49a2-a304-8674f6261988','2024-05-01','2024-07-05','2024-06-03'),
(106,111,'1e2dafb8-38d0-448c-99ef-c02746eaea3d','2024-02-09','2024-11-01','2024-07-30'),
(108,109,'2dea58b4-3d48-4cd1-bc4e-78fac097298d','2024-08-25','2024-12-12','2024-11-27'),
(110,88,'a94c2db4-ba35-49ad-b714-bd034d69bead','2024-03-28','2024-11-21','2024-07-02'),
(114,109,'3d8f7a6c-7d19-479f-8ae0-ec808d6a499f','2023-11-16','2024-08-05','2024-05-21'),
(116,117,'9a7e685a-8968-47b1-8c3d-7d0b8b7cbbef','2024-05-31','2024-10-19','2024-09-24'),
(120,64,'2dea58b4-3d48-4cd1-bc4e-78fac097298d','2024-06-04','2024-09-21','2024-07-28'),
(121,121,'ebd7bc27-fa3b-4a1c-98c7-fc4f8cb96c44','2023-12-15','2024-04-03','2024-03-19'),
(122,3,'d6b88d54-0e05-4eeb-bfaa-995eb93bd18c','2024-02-24','2024-08-01','2024-05-10'),
(123,73,'ee6be261-ba4d-4d82-937e-4b96a42bd2fc','2024-11-10','2024-11-27','2024-11-19'),
(124,10,'82defd4c-ccdc-4ea3-b35f-f71e87b4eb7d','2023-12-24','2024-01-09','2024-01-06'),
(125,96,'598ddad5-183e-4540-ba11-7b914ff1e26a','2024-01-27','2024-04-20','2024-03-21'),
(126,109,'079571b9-123b-4e37-b072-990bc3327fd0','2024-05-16','2024-10-30','2024-10-16'),
(128,157,'0d6ae30f-4604-49d5-bad3-d64a4f0feb94','2024-03-24','2024-04-16','2024-03-25'),
(132,26,'09cb1f6f-fbbf-4db1-95c9-c2040a58ff18','2024-04-17','2024-08-31','2024-07-03'),
(134,98,'57756149-1c13-4ccc-8e2e-b38a9b2f1445','2024-04-02','2024-09-01','2024-06-09'),
(135,95,'82cece2b-a265-4ab2-ab57-f97d0649b5c6','2024-05-15','2024-05-25','2024-05-22'),
(137,180,'0c995123-0058-4900-98a7-5027a9b9576c','2024-02-22','2024-04-18','2024-03-08'),
(138,35,'a6ee7de8-6849-49a2-a304-8674f6261988','2024-07-04','2024-11-01','2024-08-24'),
(140,168,'95aa696d-a204-4210-891d-00fa629a5b8d','2024-11-11','2024-11-18','2024-11-16'),
(141,130,'1bb49246-72e6-4fc6-bf28-5a15a5d3c21a','2024-10-16','2024-11-07','2024-10-21'),
(144,7,'f0bd9e97-2e2c-44f4-9cfc-617e78542b52','2024-03-28','2024-06-09','2024-03-29'),
(145,83,'25aa667a-ef45-42bf-8064-ee86f2dd062b','2024-06-23','2024-11-10','2024-10-30'),
(147,75,'2a2c7315-634e-4915-8157-df010d603c11','2024-02-29','2024-06-02','2024-03-07'),
(148,56,'3cb45395-d2f3-4a52-8b45-bd55a1e3dfff','2024-03-01','2024-03-26','2024-03-17'),
(149,180,'33af0cbe-b36d-405d-bb08-145bfc87ff07','2024-01-16','2024-09-03','2024-08-12')
;
#----------------------------------------------------------------------------------------------------
#inserting remaining values to borrowed table:(RECORDS WITHOUT RETURN DATE)
INSERT INTO BORROWED( T_ID, B_ID, M_ID,	BORROW_DATE, DUE_DATE) VALUES 
(1,161,'00b0a8ba-c3e7-42a6-bdcc-742378d930c0','2023-12-17','2024-08-04'),
(2,26,'730dd56e-b1a5-43ea-8a99-a68c703c4dfc','2024-02-21','2024-06-22'),
(4,115,'598ddad5-183e-4540-ba11-7b914ff1e26a','2024-10-09','2024-11-28'),
(6,79,'0b469f12-bfd4-4d3f-9673-5f9084ef3467','2023-12-04','2024-04-15'),
(7,88,'9e862c5d-60ba-40f7-b8f5-cc771c5b1340','2024-10-08','2024-12-01'),
(9,42,'07df7ddc-bb9e-47fb-b0dd-d554bd65b8c6','2024-08-16','2024-12-01'),
(10,119,'ab3e16d8-8872-4b47-bd22-f115f5541cc0','2024-09-09','2024-10-08'),
(12,8,'223260d8-4c7e-4e8d-a3d4-27b04d4c6efa','2024-03-24','2024-09-28'),
(13,61,'82cece2b-a265-4ab2-ab57-f97d0649b5c6','2024-01-23','2024-05-12'),
(15,107,'1bb49246-72e6-4fc6-bf28-5a15a5d3c21a','2024-05-24','2024-09-25'),
(17,32,'a94c2db4-ba35-49ad-b714-bd034d69bead','2024-01-08','2024-11-01'),
(20,115,'1df5ea9f-df2c-44cf-a676-7fe1bbd3dd09','2024-02-16','2024-10-30'),
(21,143,'d77c90d0-5a3d-4bf0-85bd-f3479e5d181b','2024-02-06','2024-12-10'),
(24,163,'bc8b31a9-3982-4613-939d-97257fbde97a','2024-03-23','2024-05-03'),
(25,143,'bb8d8e77-2606-4f8a-8617-0ee487ad58f8','2024-03-31','2024-09-13'),
(27,177,'e0240e18-fb38-4957-a919-eb6be527821c','2024-02-08','2024-07-26'),
(28,129,'cfd93f5e-6f7c-4a7c-beae-408726adaa3a','2024-02-20','2024-09-16'),
(30,36,'0efe941a-48f6-4847-9817-ff9b7359fd69','2024-08-03','2024-11-18'),
(31,83,'38eee76e-64b5-435e-8904-a64d156ea090','2023-12-23','2024-01-28'),
(35,94,'7f1f2368-7c04-4d69-af49-fa5d2dbf6d9b','2024-03-18','2024-11-18'),
(36,23,'dddd43a1-e49c-4432-a3be-9179077fe4a8','2024-09-18','2024-11-10'),
(37,195,'1f9da6f7-f25f-45ab-8ebf-8578f3d600cd','2024-09-20','2024-09-25'),
(41,184,'1e2dafb8-38d0-448c-99ef-c02746eaea3d','2024-02-01','2024-02-01'),
(42,196,'2a2c7315-634e-4915-8157-df010d603c11','2024-01-19','2024-10-03'),
(45,146,'7a0e2728-d0da-45ae-8938-c6aaded53e66','2024-09-25','2024-12-05'),
(46,44,'e2fcd6d0-695f-4f7d-9d60-8fb9b5bb2fd1','2024-04-18','2024-09-05'),
(51,109,'079571b9-123b-4e37-b072-990bc3327fd0','2024-04-23','2024-07-07'),
(52,126,'64ba0a4e-f105-40b8-8449-3a517d82fa78','2024-04-14','2024-09-12'),
(53,114,'d77c90d0-5a3d-4bf0-85bd-f3479e5d181b','2024-06-15','2024-10-10'),
(57,190,'dbc0622c-1133-48bc-84e8-9a83e8f6e545','2023-12-01','2024-06-24'),
(58,60,'7f1f2368-7c04-4d69-af49-fa5d2dbf6d9b','2024-11-09','2024-12-03'),
(59,41,'e2fcd6d0-695f-4f7d-9d60-8fb9b5bb2fd1','2024-07-04','2024-09-22'),
(60,84,'337ce9ac-edf8-4720-b2c0-54a4ac3f63b2','2024-02-05','2024-09-17'),
(64,87,'dbc0622c-1133-48bc-84e8-9a83e8f6e545','2024-09-08','2024-09-21'),
(69,170,'079571b9-123b-4e37-b072-990bc3327fd0','2024-01-12','2024-10-10'),
(72,121,'07df7ddc-bb9e-47fb-b0dd-d554bd65b8c6','2024-07-25','2024-11-04'),
(74,79,'89deabd0-f1a7-4a87-9935-e3a5b00b3879','2024-04-08','2024-11-07'),
(75,86,'2c2e9eb5-d9e4-4fdc-a1e4-b9ffcc11256d','2024-04-07','2024-06-30'),
(76,1,'ebd7bc27-fa3b-4a1c-98c7-fc4f8cb96c44','2024-05-03','2024-08-18'),
(80,81,'15fcd781-a263-4905-89b8-0ade9dca00aa','2024-05-15','2024-06-04'),
(81,13,'3ef93d15-6350-4899-baae-39f9e7d39f7a','2024-05-08','2024-12-08'),
(82,42,'fbdda715-e1e2-4f33-97bc-58540e9008ba','2024-09-22','2024-10-05'),
(83,31,'0c995123-0058-4900-98a7-5027a9b9576c','2024-08-26','2024-12-09'),
(85,46,'3ef93d15-6350-4899-baae-39f9e7d39f7a','2024-04-11','2024-05-09'),
(86,24,'5d798be6-b6e2-4baa-b47d-abb7ecea9971','2024-05-30','2024-12-08'),
(91,11,'aab0ad82-cadb-492e-a3c6-c3853cc81ddb','2024-03-26','2024-10-17'),
(93,111,'f0bd9e97-2e2c-44f4-9cfc-617e78542b52','2024-02-07','2024-05-18'),
(94,147,'334db36d-58ca-436d-8e9f-b3a4894a1905','2023-12-13','2024-07-30'),
(95,118,'2c2e9eb5-d9e4-4fdc-a1e4-b9ffcc11256d','2024-02-28','2024-03-21'),
(97,100,'0c995123-0058-4900-98a7-5027a9b9576c','2024-10-05','2024-10-24'),
(99,175,'a3a4a2ec-0f78-4ead-81a8-6e381a37c542','2024-05-04','2024-10-05'),
(102,155,'1f9da6f7-f25f-45ab-8ebf-8578f3d600cd','2024-05-28','2024-09-22'),
(104,166,'0d6ae30f-4604-49d5-bad3-d64a4f0feb94','2024-08-17','2024-09-01'),
(107,177,'ee6be261-ba4d-4d82-937e-4b96a42bd2fc','2024-09-20','2024-11-07'),
(109,165,'a6ee7de8-6849-49a2-a304-8674f6261988','2024-04-23','2024-06-04'),
(111,186,'337ce9ac-edf8-4720-b2c0-54a4ac3f63b2','2023-11-24','2024-04-08'),
(112,195,'99f4cf3d-6d23-46f6-b7cc-b8ba4cedd2c3','2024-04-12','2024-11-30'),
(113,167,'1e2dafb8-38d0-448c-99ef-c02746eaea3d','2024-11-12','2024-12-05'),
(115,53,'665bafab-538a-48e9-a241-c87d5e07b728','2023-12-07','2024-02-09'),
(117,199,'079571b9-123b-4e37-b072-990bc3327fd0','2024-05-14','2024-12-01'),
(118,26,'81ee7c7f-888a-4fb3-9c24-11a6e6ffe05f','2024-04-23','2024-10-29'),
(119,61,'9e862c5d-60ba-40f7-b8f5-cc771c5b1340','2024-06-04','2024-12-04'),
(127,174,'080bb195-95bd-4c1a-83e4-e04f90ee750f','2024-10-23','2024-11-06'),
(129,158,'dc999a2d-50c2-48f5-a5d9-89a993879a84','2024-06-20','2024-06-26'),
(130,123,'080bb195-95bd-4c1a-83e4-e04f90ee750f','2024-07-22','2024-11-03'),
(131,133,'dc999a2d-50c2-48f5-a5d9-89a993879a84','2024-06-06','2024-07-03'),
(133,61,'dbc0622c-1133-48bc-84e8-9a83e8f6e545','2024-10-05','2024-12-09'),
(136,18,'9b720a56-d0c1-40dc-95e7-7881d09d28ef','2024-09-14','2024-10-26'),
(139,193,'6287aba6-4bf4-4199-855a-1f31dd299b35','2024-05-01','2024-08-18'),
(142,168,'337ce9ac-edf8-4720-b2c0-54a4ac3f63b2','2024-05-13','2024-07-03'),
(143,114,'15fcd781-a263-4905-89b8-0ade9dca00aa','2024-06-07','2024-08-26'),
(146,26,'0e7c7b92-76c8-4b24-b1c9-5c8c77846936','2024-06-22','2024-09-07'),
(150,12,'079571b9-123b-4e37-b072-990bc3327fd0','2024-05-24','2024-09-04')
;
#----------------------------------------------------------------------------------------------------
#1.Top 10 borrowed book,Book_id,genre with number of times borrowed:
##(Library can stock more of those books as they are of high demand)
#----------------------------------------------------------------------------------------------------
select br.b_id as Book_id,bk.title as Book_title,bk.genre as Book_genre,count(br.b_id) as Number_of_times
from books bk join borrowed br
on br.b_id=bk.b_id
group by 1,2,3
order by count(br.b_id) desc
limit 10;

#2.Members with overdue books:
##(Library can identity and contact the ones who have overdue books)
#----------------------------------------------------------------------------------------------------
select m.m_name as Member,bk.title,br.b_id as Book_ID,(curdate()-br.due_date) as days_overdue, m. p_no
from members m join borrowed br on m.m_id=br.m_id 
join books bk on bk.b_id=br.b_id
where br.return_date is null and br.due_date<curdate();


#3. Average loan duration and round of to 0 decimal places, of different genres:
##(Library can identify demand of various genres among the members)
#----------------------------------------------------------------------------------------------------
select round(avg(br.return_date-br.borrow_date),0) as Loan_duration, bk.genre as Book_Genre
from borrowed br join books bk
on br.b_id=bk.b_id
group by bk.genre
order by bk.genre;

#4. Borrowing trends by month/season:
##(Library can stock books or manage the requests befor hand the month/season)
#----------------------------------------------------------------------------------------------------
select monthname(borrow_date) as Month,count(b_id) as No_of_books_borrowed
from borrowed
group by Month;

#5. Members who never borrowed after their last return:
##(Library can identify and contact people to see if there are chances of cancellation of membership)
#----------------------------------------------------------------------------------------------------
select max(br.borrow_date) as last_borrowed,m.m_name,max(br.return_date) as last_returned
from borrowed br join members m
on m.m_id=br.m_id
group by m.m_id,m.m_name
having max(br.borrow_date)<=max(br.return_date);

